# F6a required section (FG3) -- INDICATIVE: stand-in tube for a truss,
# placeholder masses, heading 0 deg, F_y assumed. Generated by
# scripts/measure/f6a_required_section.py
A_m2,D_m,D_over_t,U_Cm1,U_K1,W_m3,assumed_mu_kg_per_m,assumed_root_moment_nm,checked,found,grid_tried,group,implied_over_published_static_root,implied_root_moment_nm,implied_root_moment_ratio,mass_ratio,max_U,published_static_root_moment_nm,r_m,refused,search,span_m,steel_line_mass_kg_per_m,t_m,worst_axial_branch,worst_body,worst_clause,worst_interaction_form,worst_member,worst_period_full_s,worst_station
2.692030744861093,2.5,6.097560975609756,0.9965296363694702,0.9957015016256644,1.2211589864838892,9375.0,114921679.6875,12,True,,platform,1.3520141268204604,259048069.9214031,2.254127077030355,2.254127077030355,0.9957015016256644,191601600.0,0.7530106240950389,0,i_min_wall_at_D_2.5,50.0,21132.44134715958,0.41,elastic,platform,3.3.2 interaction,simple,platform:hub2_arm,12.5,ROOT
1.7077697664914118,3.2,17.77777777777778,0.9963395492142406,0.9957793829891092,1.2211621186517647,9375.0,114921679.6875,12,True,,platform,0.8576903715014617,164334847.48427445,1.429972551142142,1.429972551142142,0.9957793829891092,191601600.0,1.0696261028976433,0,ii_min_diameter_at_t_180mm,50.0,13405.992666957582,0.18,inelastic,platform,3.3.2 interaction,simple,platform:hub2_arm,12.5,ROOT
1.0272222579075254,6.0,109.0909090909091,0.983796136778352,0.9835153649857203,1.512843720379679,9375.0,114921679.6875,12,True,1530,platform,0.5159001273393876,98847289.83843042,0.8601274372879012,0.8601274372879013,0.9835153649857203,191601600.0,2.10196485460628,0,iii_min_area,50.0,8063.694724574075,0.055,inelastic_local,platform,3.3.2 interaction,simple,platform:hub2_arm,12.5,ROOT
1.0379822127460685,2.5,17.857142857142854,0.9899075726219839,0.9899075726219839,0.5801490183480326,15000.0,45968671.87500002,36,True,,hubs,0.1954890305905652,24970674.02906749,0.5432106913371092,0.5432106913371092,0.9899075726219839,127734400.0,0.8358528578643492,0,i_min_wall_at_D_2.5,25.000000000000007,8148.1603700566375,0.14,tension,hub3,3.3.1 interaction,tension,hub3:buoy8_arm,12.5,ROOT
1.1988317566098645,2.3,12.777777777777777,0.9725806589830589,0.9725806589830589,0.5898773473719059,15000.0,45968671.87500002,36,True,,hubs,0.2257827302462457,28840221.57836605,0.6273886192924958,0.6273886192924958,0.9725806589830589,127734400.0,0.7522300180131074,0,ii_min_diameter_at_t_180mm,25.000000000000007,9410.829289387437,0.18,tension,hub3,3.3.1 interaction,tension,hub3:buoy8_arm,12.5,ROOT
0.5626592442579265,6.0,200.0,0.9911353715114639,0.9911353715114639,0.835591177166342,15000.0,45968671.87500002,36,True,637,hubs,0.10596878141274169,13535858.712487713,0.2944583378283149,0.2944583378283149,0.9911353715114639,127734400.0,2.1107403914266696,0,iii_min_area,25.000000000000007,4416.875067424723,0.03,tension,hub3,3.3.1 interaction,tension,hub3:buoy8_arm,12.5,ROOT
